<?xml version="1.0" encoding="UTF-8" standalone="yes"?>
<addon id="service.locale"
       name="Locale"
       version="19.2.102"
       provider-name="Team CoreELEC">
  <requires>
    <import addon="xbmc.python" version="3.0.0"/>

  </requires>
  <extension point="xbmc.service" library="default.py">
    <provides></provides>
  </extension>
  <extension point="xbmc.addon.metadata">
    <summary>Locale: allows users to set a custom locale to override the POSIX default</summary>
    <description>
Locale (102) allows users to set a custom locale in the OS to override the POSIX default
    </description>
    <disclaimer>

    </disclaimer>
    <platform>all</platform>
    <news>
102:
- Include localedef

101:
- Fix dialog message

100:
- Initial add-on
    </news>
    <assets>
      <icon>resources/icon.png</icon>
      <fanart>resources/fanart.png</fanart>

    </assets>
  </extension>
</addon>
