<?xml version="1.0" encoding="UTF-8" standalone="yes"?>
<addon id="virtual.multimedia-tools"
       name="Multimedia Tools"
       version="19.1.114"
       provider-name="Team CoreELEC">
  <requires>
    <import addon="xbmc.python" version="3.0.0"/>

  </requires>
  <extension point="xbmc.python.script" library="default.py">
    <provides></provides>
  </extension>
  <extension point="xbmc.addon.metadata">
    <summary>A bundle of multimedia tools and programs</summary>
    <description>
This bundle currently includes alsamixer, mediainfo, mpg123, opencaster, squeezelite, tsdecrypt and tstools.
    </description>
    <disclaimer>

    </disclaimer>
    <platform>all</platform>
    <news>
114
- squeezelite: update to 2021-01-03 (1.9.8.1315)

113
- libmediainfo: update to 20.09
- libzen: update to 0.4.38
- mediainfo: update to 20.09
- mpg123: update to 1.26.4
- mpv-drmprime: update to 0.33.0

112
- Update sqeezelite 2020-11-16

111
- drop mesa-demos and mpv

110
- Add mpv

109
- Update squeezelite to b2ed99e and support all possible media formats

108
- Update alsamixer to 1.1.6
- Update mediainfo to 18.05
- Update mpg123 to 1.25.10
- Update squeezelite to b2ed99e
- Update tstools to db1f79f

107
- squeezelite: support all possible media formats

106
- Update squeezelite to 33cca7e
- Update Mediainfo to 17.10

105
- rebuild

104
- squeezelite: update to a3d95ec and link audio libraries

103
- Add alsamixer
- Update mpg123 to 1.23.6
- Update squeezelite to 33cca7e

102
- Remove IR support from squeezelite

101
- Add mpg123 and squeezelite

100
- Initial Release
    </news>
    <assets>
      <icon>resources/icon.png</icon>
      <fanart>resources/fanart.png</fanart>

    </assets>
  </extension>
</addon>
